,file_path,dice_score,average_dice_score
0,/mnt/Enterprise/miccai_2023_CRIS/CRIS.pytorch/exp/sessile_polyp/CRIS_R50/predictions_renamed/0.png,0.8506177663803101,0.9858692522559848
1,/mnt/Enterprise/miccai_2023_CRIS/CRIS.pytorch/exp/sessile_polyp/CRIS_R50/predictions_renamed/1.png,0.9956850409507751,0.9858692522559848
2,/mnt/Enterprise/miccai_2023_CRIS/CRIS.pytorch/exp/sessile_polyp/CRIS_R50/predictions_renamed/10.png,0.9942048192024231,0.9858692522559848
3,/mnt/Enterprise/miccai_2023_CRIS/CRIS.pytorch/exp/sessile_polyp/CRIS_R50/predictions_renamed/100.png,0.99589604139328,0.9858692522559848
4,/mnt/Enterprise/miccai_2023_CRIS/CRIS.pytorch/exp/sessile_polyp/CRIS_R50/predictions_renamed/101.png,0.9948244094848633,0.9858692522559848
5,/mnt/Enterprise/miccai_2023_CRIS/CRIS.pytorch/exp/sessile_polyp/CRIS_R50/predictions_renamed/102.png,0.9470052123069763,0.9858692522559848
6,/mnt/Enterprise/miccai_2023_CRIS/CRIS.pytorch/exp/sessile_polyp/CRIS_R50/predictions_renamed/103.png,0.9965711832046509,0.9858692522559848
7,/mnt/Enterprise/miccai_2023_CRIS/CRIS.pytorch/exp/sessile_polyp/CRIS_R50/predictions_renamed/104.png,0.9863897562026978,0.9858692522559848
8,/mnt/Enterprise/miccai_2023_CRIS/CRIS.pytorch/exp/sessile_polyp/CRIS_R50/predictions_renamed/105.png,0.9880666732788086,0.9858692522559848
9,/mnt/Enterprise/miccai_2023_CRIS/CRIS.pytorch/exp/sessile_polyp/CRIS_R50/predictions_renamed/106.png,0.9787657856941223,0.9858692522559848
10,/mnt/Enterprise/miccai_2023_CRIS/CRIS.pytorch/exp/sessile_polyp/CRIS_R50/predictions_renamed/107.png,0.9952763319015503,0.9858692522559848
11,/mnt/Enterprise/miccai_2023_CRIS/CRIS.pytorch/exp/sessile_polyp/CRIS_R50/predictions_renamed/108.png,0.9973650574684143,0.9858692522559848
12,/mnt/Enterprise/miccai_2023_CRIS/CRIS.pytorch/exp/sessile_polyp/CRIS_R50/predictions_renamed/109.png,0.9959883093833923,0.9858692522559848
13,/mnt/Enterprise/miccai_2023_CRIS/CRIS.pytorch/exp/sessile_polyp/CRIS_R50/predictions_renamed/11.png,0.9966751933097839,0.9858692522559848
14,/mnt/Enterprise/miccai_2023_CRIS/CRIS.pytorch/exp/sessile_polyp/CRIS_R50/predictions_renamed/110.png,0.9959088563919067,0.9858692522559848
15,/mnt/Enterprise/miccai_2023_CRIS/CRIS.pytorch/exp/sessile_polyp/CRIS_R50/predictions_renamed/111.png,0.9897991418838501,0.9858692522559848
16,/mnt/Enterprise/miccai_2023_CRIS/CRIS.pytorch/exp/sessile_polyp/CRIS_R50/predictions_renamed/112.png,0.9950295686721802,0.9858692522559848
17,/mnt/Enterprise/miccai_2023_CRIS/CRIS.pytorch/exp/sessile_polyp/CRIS_R50/predictions_renamed/113.png,0.9963728189468384,0.9858692522559848
18,/mnt/Enterprise/miccai_2023_CRIS/CRIS.pytorch/exp/sessile_polyp/CRIS_R50/predictions_renamed/114.png,0.9970391988754272,0.9858692522559848
19,/mnt/Enterprise/miccai_2023_CRIS/CRIS.pytorch/exp/sessile_polyp/CRIS_R50/predictions_renamed/115.png,0.9952287077903748,0.9858692522559848
20,/mnt/Enterprise/miccai_2023_CRIS/CRIS.pytorch/exp/sessile_polyp/CRIS_R50/predictions_renamed/116.png,0.9964461922645569,0.9858692522559848
21,/mnt/Enterprise/miccai_2023_CRIS/CRIS.pytorch/exp/sessile_polyp/CRIS_R50/predictions_renamed/117.png,0.9957349896430969,0.9858692522559848
22,/mnt/Enterprise/miccai_2023_CRIS/CRIS.pytorch/exp/sessile_polyp/CRIS_R50/predictions_renamed/118.png,0.9972659945487976,0.9858692522559848
23,/mnt/Enterprise/miccai_2023_CRIS/CRIS.pytorch/exp/sessile_polyp/CRIS_R50/predictions_renamed/119.png,0.9931936860084534,0.9858692522559848
24,/mnt/Enterprise/miccai_2023_CRIS/CRIS.pytorch/exp/sessile_polyp/CRIS_R50/predictions_renamed/12.png,0.9924565553665161,0.9858692522559848
25,/mnt/Enterprise/miccai_2023_CRIS/CRIS.pytorch/exp/sessile_polyp/CRIS_R50/predictions_renamed/120.png,0.9912184476852417,0.9858692522559848
26,/mnt/Enterprise/miccai_2023_CRIS/CRIS.pytorch/exp/sessile_polyp/CRIS_R50/predictions_renamed/121.png,0.972878098487854,0.9858692522559848
27,/mnt/Enterprise/miccai_2023_CRIS/CRIS.pytorch/exp/sessile_polyp/CRIS_R50/predictions_renamed/122.png,0.9940600991249084,0.9858692522559848
28,/mnt/Enterprise/miccai_2023_CRIS/CRIS.pytorch/exp/sessile_polyp/CRIS_R50/predictions_renamed/123.png,0.9962907433509827,0.9858692522559848
29,/mnt/Enterprise/miccai_2023_CRIS/CRIS.pytorch/exp/sessile_polyp/CRIS_R50/predictions_renamed/124.png,0.9921903610229492,0.9858692522559848
30,/mnt/Enterprise/miccai_2023_CRIS/CRIS.pytorch/exp/sessile_polyp/CRIS_R50/predictions_renamed/125.png,0.998390257358551,0.9858692522559848
31,/mnt/Enterprise/miccai_2023_CRIS/CRIS.pytorch/exp/sessile_polyp/CRIS_R50/predictions_renamed/126.png,0.9917356371879578,0.9858692522559848
32,/mnt/Enterprise/miccai_2023_CRIS/CRIS.pytorch/exp/sessile_polyp/CRIS_R50/predictions_renamed/127.png,0.9903519153594971,0.9858692522559848
33,/mnt/Enterprise/miccai_2023_CRIS/CRIS.pytorch/exp/sessile_polyp/CRIS_R50/predictions_renamed/128.png,0.9812192916870117,0.9858692522559848
34,/mnt/Enterprise/miccai_2023_CRIS/CRIS.pytorch/exp/sessile_polyp/CRIS_R50/predictions_renamed/129.png,0.9954003691673279,0.9858692522559848
35,/mnt/Enterprise/miccai_2023_CRIS/CRIS.pytorch/exp/sessile_polyp/CRIS_R50/predictions_renamed/13.png,0.9983075261116028,0.9858692522559848
36,/mnt/Enterprise/miccai_2023_CRIS/CRIS.pytorch/exp/sessile_polyp/CRIS_R50/predictions_renamed/130.png,0.9960821270942688,0.9858692522559848
37,/mnt/Enterprise/miccai_2023_CRIS/CRIS.pytorch/exp/sessile_polyp/CRIS_R50/predictions_renamed/131.png,0.9943768382072449,0.9858692522559848
38,/mnt/Enterprise/miccai_2023_CRIS/CRIS.pytorch/exp/sessile_polyp/CRIS_R50/predictions_renamed/132.png,0.9964213967323303,0.9858692522559848
39,/mnt/Enterprise/miccai_2023_CRIS/CRIS.pytorch/exp/sessile_polyp/CRIS_R50/predictions_renamed/133.png,0.9974295496940613,0.9858692522559848
40,/mnt/Enterprise/miccai_2023_CRIS/CRIS.pytorch/exp/sessile_polyp/CRIS_R50/predictions_renamed/134.png,0.9968511462211609,0.9858692522559848
41,/mnt/Enterprise/miccai_2023_CRIS/CRIS.pytorch/exp/sessile_polyp/CRIS_R50/predictions_renamed/135.png,0.9628866314888,0.9858692522559848
42,/mnt/Enterprise/miccai_2023_CRIS/CRIS.pytorch/exp/sessile_polyp/CRIS_R50/predictions_renamed/136.png,0.9950395822525024,0.9858692522559848
43,/mnt/Enterprise/miccai_2023_CRIS/CRIS.pytorch/exp/sessile_polyp/CRIS_R50/predictions_renamed/137.png,0.9959538578987122,0.9858692522559848
44,/mnt/Enterprise/miccai_2023_CRIS/CRIS.pytorch/exp/sessile_polyp/CRIS_R50/predictions_renamed/138.png,0.9977631568908691,0.9858692522559848
45,/mnt/Enterprise/miccai_2023_CRIS/CRIS.pytorch/exp/sessile_polyp/CRIS_R50/predictions_renamed/139.png,0.9975538849830627,0.9858692522559848
46,/mnt/Enterprise/miccai_2023_CRIS/CRIS.pytorch/exp/sessile_polyp/CRIS_R50/predictions_renamed/14.png,0.9955260157585144,0.9858692522559848
47,/mnt/Enterprise/miccai_2023_CRIS/CRIS.pytorch/exp/sessile_polyp/CRIS_R50/predictions_renamed/140.png,0.9966208338737488,0.9858692522559848
48,/mnt/Enterprise/miccai_2023_CRIS/CRIS.pytorch/exp/sessile_polyp/CRIS_R50/predictions_renamed/141.png,0.998157262802124,0.9858692522559848
49,/mnt/Enterprise/miccai_2023_CRIS/CRIS.pytorch/exp/sessile_polyp/CRIS_R50/predictions_renamed/142.png,0.995810866355896,0.9858692522559848
50,/mnt/Enterprise/miccai_2023_CRIS/CRIS.pytorch/exp/sessile_polyp/CRIS_R50/predictions_renamed/143.png,0.9896947741508484,0.9858692522559848
51,/mnt/Enterprise/miccai_2023_CRIS/CRIS.pytorch/exp/sessile_polyp/CRIS_R50/predictions_renamed/144.png,0.9505402445793152,0.9858692522559848
52,/mnt/Enterprise/miccai_2023_CRIS/CRIS.pytorch/exp/sessile_polyp/CRIS_R50/predictions_renamed/145.png,0.9934199452400208,0.9858692522559848
53,/mnt/Enterprise/miccai_2023_CRIS/CRIS.pytorch/exp/sessile_polyp/CRIS_R50/predictions_renamed/146.png,0.9962279796600342,0.9858692522559848
54,/mnt/Enterprise/miccai_2023_CRIS/CRIS.pytorch/exp/sessile_polyp/CRIS_R50/predictions_renamed/147.png,0.9923476576805115,0.9858692522559848
55,/mnt/Enterprise/miccai_2023_CRIS/CRIS.pytorch/exp/sessile_polyp/CRIS_R50/predictions_renamed/148.png,0.9940511584281921,0.9858692522559848
56,/mnt/Enterprise/miccai_2023_CRIS/CRIS.pytorch/exp/sessile_polyp/CRIS_R50/predictions_renamed/149.png,0.9808381795883179,0.9858692522559848
57,/mnt/Enterprise/miccai_2023_CRIS/CRIS.pytorch/exp/sessile_polyp/CRIS_R50/predictions_renamed/15.png,0.9853833913803101,0.9858692522559848
58,/mnt/Enterprise/miccai_2023_CRIS/CRIS.pytorch/exp/sessile_polyp/CRIS_R50/predictions_renamed/150.png,0.9972600936889648,0.9858692522559848
59,/mnt/Enterprise/miccai_2023_CRIS/CRIS.pytorch/exp/sessile_polyp/CRIS_R50/predictions_renamed/151.png,0.989351212978363,0.9858692522559848
60,/mnt/Enterprise/miccai_2023_CRIS/CRIS.pytorch/exp/sessile_polyp/CRIS_R50/predictions_renamed/152.png,0.9436108469963074,0.9858692522559848
61,/mnt/Enterprise/miccai_2023_CRIS/CRIS.pytorch/exp/sessile_polyp/CRIS_R50/predictions_renamed/153.png,0.9827193021774292,0.9858692522559848
62,/mnt/Enterprise/miccai_2023_CRIS/CRIS.pytorch/exp/sessile_polyp/CRIS_R50/predictions_renamed/154.png,0.9969452619552612,0.9858692522559848
63,/mnt/Enterprise/miccai_2023_CRIS/CRIS.pytorch/exp/sessile_polyp/CRIS_R50/predictions_renamed/155.png,0.9507237672805786,0.9858692522559848
64,/mnt/Enterprise/miccai_2023_CRIS/CRIS.pytorch/exp/sessile_polyp/CRIS_R50/predictions_renamed/156.png,0.9953429698944092,0.9858692522559848
65,/mnt/Enterprise/miccai_2023_CRIS/CRIS.pytorch/exp/sessile_polyp/CRIS_R50/predictions_renamed/157.png,0.9944979548454285,0.9858692522559848
66,/mnt/Enterprise/miccai_2023_CRIS/CRIS.pytorch/exp/sessile_polyp/CRIS_R50/predictions_renamed/158.png,0.9818365573883057,0.9858692522559848
67,/mnt/Enterprise/miccai_2023_CRIS/CRIS.pytorch/exp/sessile_polyp/CRIS_R50/predictions_renamed/159.png,0.9958017468452454,0.9858692522559848
68,/mnt/Enterprise/miccai_2023_CRIS/CRIS.pytorch/exp/sessile_polyp/CRIS_R50/predictions_renamed/16.png,0.9970281720161438,0.9858692522559848
69,/mnt/Enterprise/miccai_2023_CRIS/CRIS.pytorch/exp/sessile_polyp/CRIS_R50/predictions_renamed/160.png,0.9894166588783264,0.9858692522559848
70,/mnt/Enterprise/miccai_2023_CRIS/CRIS.pytorch/exp/sessile_polyp/CRIS_R50/predictions_renamed/161.png,0.993947446346283,0.9858692522559848
71,/mnt/Enterprise/miccai_2023_CRIS/CRIS.pytorch/exp/sessile_polyp/CRIS_R50/predictions_renamed/162.png,0.9950599074363708,0.9858692522559848
72,/mnt/Enterprise/miccai_2023_CRIS/CRIS.pytorch/exp/sessile_polyp/CRIS_R50/predictions_renamed/163.png,0.994317889213562,0.9858692522559848
73,/mnt/Enterprise/miccai_2023_CRIS/CRIS.pytorch/exp/sessile_polyp/CRIS_R50/predictions_renamed/164.png,0.9948638081550598,0.9858692522559848
74,/mnt/Enterprise/miccai_2023_CRIS/CRIS.pytorch/exp/sessile_polyp/CRIS_R50/predictions_renamed/165.png,0.9862169027328491,0.9858692522559848
75,/mnt/Enterprise/miccai_2023_CRIS/CRIS.pytorch/exp/sessile_polyp/CRIS_R50/predictions_renamed/166.png,0.9972624778747559,0.9858692522559848
76,/mnt/Enterprise/miccai_2023_CRIS/CRIS.pytorch/exp/sessile_polyp/CRIS_R50/predictions_renamed/167.png,0.9967359304428101,0.9858692522559848
77,/mnt/Enterprise/miccai_2023_CRIS/CRIS.pytorch/exp/sessile_polyp/CRIS_R50/predictions_renamed/168.png,0.9582856893539429,0.9858692522559848
78,/mnt/Enterprise/miccai_2023_CRIS/CRIS.pytorch/exp/sessile_polyp/CRIS_R50/predictions_renamed/169.png,0.9963955283164978,0.9858692522559848
79,/mnt/Enterprise/miccai_2023_CRIS/CRIS.pytorch/exp/sessile_polyp/CRIS_R50/predictions_renamed/17.png,0.9702640771865845,0.9858692522559848
80,/mnt/Enterprise/miccai_2023_CRIS/CRIS.pytorch/exp/sessile_polyp/CRIS_R50/predictions_renamed/170.png,0.9223982095718384,0.9858692522559848
81,/mnt/Enterprise/miccai_2023_CRIS/CRIS.pytorch/exp/sessile_polyp/CRIS_R50/predictions_renamed/171.png,0.9940648674964905,0.9858692522559848
82,/mnt/Enterprise/miccai_2023_CRIS/CRIS.pytorch/exp/sessile_polyp/CRIS_R50/predictions_renamed/172.png,0.9895648956298828,0.9858692522559848
83,/mnt/Enterprise/miccai_2023_CRIS/CRIS.pytorch/exp/sessile_polyp/CRIS_R50/predictions_renamed/173.png,0.9962765574455261,0.9858692522559848
84,/mnt/Enterprise/miccai_2023_CRIS/CRIS.pytorch/exp/sessile_polyp/CRIS_R50/predictions_renamed/174.png,0.9980636239051819,0.9858692522559848
85,/mnt/Enterprise/miccai_2023_CRIS/CRIS.pytorch/exp/sessile_polyp/CRIS_R50/predictions_renamed/175.png,0.996627688407898,0.9858692522559848
86,/mnt/Enterprise/miccai_2023_CRIS/CRIS.pytorch/exp/sessile_polyp/CRIS_R50/predictions_renamed/176.png,0.9971467852592468,0.9858692522559848
87,/mnt/Enterprise/miccai_2023_CRIS/CRIS.pytorch/exp/sessile_polyp/CRIS_R50/predictions_renamed/177.png,0.9842283725738525,0.9858692522559848
88,/mnt/Enterprise/miccai_2023_CRIS/CRIS.pytorch/exp/sessile_polyp/CRIS_R50/predictions_renamed/178.png,0.9869590997695923,0.9858692522559848
89,/mnt/Enterprise/miccai_2023_CRIS/CRIS.pytorch/exp/sessile_polyp/CRIS_R50/predictions_renamed/179.png,0.9925686717033386,0.9858692522559848
90,/mnt/Enterprise/miccai_2023_CRIS/CRIS.pytorch/exp/sessile_polyp/CRIS_R50/predictions_renamed/18.png,0.9962658286094666,0.9858692522559848
91,/mnt/Enterprise/miccai_2023_CRIS/CRIS.pytorch/exp/sessile_polyp/CRIS_R50/predictions_renamed/180.png,0.9572253227233887,0.9858692522559848
92,/mnt/Enterprise/miccai_2023_CRIS/CRIS.pytorch/exp/sessile_polyp/CRIS_R50/predictions_renamed/181.png,0.992417573928833,0.9858692522559848
93,/mnt/Enterprise/miccai_2023_CRIS/CRIS.pytorch/exp/sessile_polyp/CRIS_R50/predictions_renamed/182.png,0.9944730997085571,0.9858692522559848
94,/mnt/Enterprise/miccai_2023_CRIS/CRIS.pytorch/exp/sessile_polyp/CRIS_R50/predictions_renamed/183.png,0.9924957752227783,0.9858692522559848
95,/mnt/Enterprise/miccai_2023_CRIS/CRIS.pytorch/exp/sessile_polyp/CRIS_R50/predictions_renamed/184.png,0.9851827621459961,0.9858692522559848
96,/mnt/Enterprise/miccai_2023_CRIS/CRIS.pytorch/exp/sessile_polyp/CRIS_R50/predictions_renamed/185.png,0.9754834771156311,0.9858692522559848
97,/mnt/Enterprise/miccai_2023_CRIS/CRIS.pytorch/exp/sessile_polyp/CRIS_R50/predictions_renamed/186.png,0.9963871836662292,0.9858692522559848
98,/mnt/Enterprise/miccai_2023_CRIS/CRIS.pytorch/exp/sessile_polyp/CRIS_R50/predictions_renamed/187.png,0.9954676032066345,0.9858692522559848
99,/mnt/Enterprise/miccai_2023_CRIS/CRIS.pytorch/exp/sessile_polyp/CRIS_R50/predictions_renamed/188.png,0.992290198802948,0.9858692522559848
100,/mnt/Enterprise/miccai_2023_CRIS/CRIS.pytorch/exp/sessile_polyp/CRIS_R50/predictions_renamed/189.png,0.9829204082489014,0.9858692522559848
101,/mnt/Enterprise/miccai_2023_CRIS/CRIS.pytorch/exp/sessile_polyp/CRIS_R50/predictions_renamed/19.png,0.9805409908294678,0.9858692522559848
102,/mnt/Enterprise/miccai_2023_CRIS/CRIS.pytorch/exp/sessile_polyp/CRIS_R50/predictions_renamed/190.png,0.9897798895835876,0.9858692522559848
103,/mnt/Enterprise/miccai_2023_CRIS/CRIS.pytorch/exp/sessile_polyp/CRIS_R50/predictions_renamed/191.png,0.9919747710227966,0.9858692522559848
104,/mnt/Enterprise/miccai_2023_CRIS/CRIS.pytorch/exp/sessile_polyp/CRIS_R50/predictions_renamed/192.png,0.9967663884162903,0.9858692522559848
105,/mnt/Enterprise/miccai_2023_CRIS/CRIS.pytorch/exp/sessile_polyp/CRIS_R50/predictions_renamed/193.png,0.954508900642395,0.9858692522559848
106,/mnt/Enterprise/miccai_2023_CRIS/CRIS.pytorch/exp/sessile_polyp/CRIS_R50/predictions_renamed/194.png,0.8062610030174255,0.9858692522559848
107,/mnt/Enterprise/miccai_2023_CRIS/CRIS.pytorch/exp/sessile_polyp/CRIS_R50/predictions_renamed/195.png,0.9946838617324829,0.9858692522559848
108,/mnt/Enterprise/miccai_2023_CRIS/CRIS.pytorch/exp/sessile_polyp/CRIS_R50/predictions_renamed/2.png,0.9973916411399841,0.9858692522559848
109,/mnt/Enterprise/miccai_2023_CRIS/CRIS.pytorch/exp/sessile_polyp/CRIS_R50/predictions_renamed/20.png,0.99561607837677,0.9858692522559848
110,/mnt/Enterprise/miccai_2023_CRIS/CRIS.pytorch/exp/sessile_polyp/CRIS_R50/predictions_renamed/21.png,0.9960736632347107,0.9858692522559848
111,/mnt/Enterprise/miccai_2023_CRIS/CRIS.pytorch/exp/sessile_polyp/CRIS_R50/predictions_renamed/22.png,0.9949929714202881,0.9858692522559848
112,/mnt/Enterprise/miccai_2023_CRIS/CRIS.pytorch/exp/sessile_polyp/CRIS_R50/predictions_renamed/23.png,0.9357504844665527,0.9858692522559848
113,/mnt/Enterprise/miccai_2023_CRIS/CRIS.pytorch/exp/sessile_polyp/CRIS_R50/predictions_renamed/24.png,0.9618310332298279,0.9858692522559848
114,/mnt/Enterprise/miccai_2023_CRIS/CRIS.pytorch/exp/sessile_polyp/CRIS_R50/predictions_renamed/25.png,0.9964222311973572,0.9858692522559848
115,/mnt/Enterprise/miccai_2023_CRIS/CRIS.pytorch/exp/sessile_polyp/CRIS_R50/predictions_renamed/26.png,0.9928870797157288,0.9858692522559848
116,/mnt/Enterprise/miccai_2023_CRIS/CRIS.pytorch/exp/sessile_polyp/CRIS_R50/predictions_renamed/27.png,0.9967379570007324,0.9858692522559848
117,/mnt/Enterprise/miccai_2023_CRIS/CRIS.pytorch/exp/sessile_polyp/CRIS_R50/predictions_renamed/28.png,0.976551353931427,0.9858692522559848
118,/mnt/Enterprise/miccai_2023_CRIS/CRIS.pytorch/exp/sessile_polyp/CRIS_R50/predictions_renamed/29.png,0.9958080649375916,0.9858692522559848
119,/mnt/Enterprise/miccai_2023_CRIS/CRIS.pytorch/exp/sessile_polyp/CRIS_R50/predictions_renamed/3.png,0.9906384944915771,0.9858692522559848
120,/mnt/Enterprise/miccai_2023_CRIS/CRIS.pytorch/exp/sessile_polyp/CRIS_R50/predictions_renamed/30.png,0.9946351051330566,0.9858692522559848
121,/mnt/Enterprise/miccai_2023_CRIS/CRIS.pytorch/exp/sessile_polyp/CRIS_R50/predictions_renamed/31.png,0.9942347407341003,0.9858692522559848
122,/mnt/Enterprise/miccai_2023_CRIS/CRIS.pytorch/exp/sessile_polyp/CRIS_R50/predictions_renamed/32.png,0.9936330914497375,0.9858692522559848
123,/mnt/Enterprise/miccai_2023_CRIS/CRIS.pytorch/exp/sessile_polyp/CRIS_R50/predictions_renamed/33.png,0.9976028800010681,0.9858692522559848
124,/mnt/Enterprise/miccai_2023_CRIS/CRIS.pytorch/exp/sessile_polyp/CRIS_R50/predictions_renamed/34.png,0.9973129034042358,0.9858692522559848
125,/mnt/Enterprise/miccai_2023_CRIS/CRIS.pytorch/exp/sessile_polyp/CRIS_R50/predictions_renamed/35.png,0.9968711733818054,0.9858692522559848
126,/mnt/Enterprise/miccai_2023_CRIS/CRIS.pytorch/exp/sessile_polyp/CRIS_R50/predictions_renamed/36.png,0.9048571586608887,0.9858692522559848
127,/mnt/Enterprise/miccai_2023_CRIS/CRIS.pytorch/exp/sessile_polyp/CRIS_R50/predictions_renamed/37.png,0.9959716200828552,0.9858692522559848
128,/mnt/Enterprise/miccai_2023_CRIS/CRIS.pytorch/exp/sessile_polyp/CRIS_R50/predictions_renamed/38.png,0.9904270172119141,0.9858692522559848
129,/mnt/Enterprise/miccai_2023_CRIS/CRIS.pytorch/exp/sessile_polyp/CRIS_R50/predictions_renamed/39.png,0.9941310882568359,0.9858692522559848
130,/mnt/Enterprise/miccai_2023_CRIS/CRIS.pytorch/exp/sessile_polyp/CRIS_R50/predictions_renamed/4.png,0.9932829141616821,0.9858692522559848
131,/mnt/Enterprise/miccai_2023_CRIS/CRIS.pytorch/exp/sessile_polyp/CRIS_R50/predictions_renamed/40.png,0.9965856671333313,0.9858692522559848
132,/mnt/Enterprise/miccai_2023_CRIS/CRIS.pytorch/exp/sessile_polyp/CRIS_R50/predictions_renamed/41.png,0.9951025247573853,0.9858692522559848
133,/mnt/Enterprise/miccai_2023_CRIS/CRIS.pytorch/exp/sessile_polyp/CRIS_R50/predictions_renamed/42.png,0.9864090085029602,0.9858692522559848
134,/mnt/Enterprise/miccai_2023_CRIS/CRIS.pytorch/exp/sessile_polyp/CRIS_R50/predictions_renamed/43.png,0.9967138767242432,0.9858692522559848
135,/mnt/Enterprise/miccai_2023_CRIS/CRIS.pytorch/exp/sessile_polyp/CRIS_R50/predictions_renamed/44.png,0.9834436178207397,0.9858692522559848
136,/mnt/Enterprise/miccai_2023_CRIS/CRIS.pytorch/exp/sessile_polyp/CRIS_R50/predictions_renamed/45.png,0.9964665770530701,0.9858692522559848
137,/mnt/Enterprise/miccai_2023_CRIS/CRIS.pytorch/exp/sessile_polyp/CRIS_R50/predictions_renamed/46.png,0.9937387108802795,0.9858692522559848
138,/mnt/Enterprise/miccai_2023_CRIS/CRIS.pytorch/exp/sessile_polyp/CRIS_R50/predictions_renamed/47.png,0.9960843324661255,0.9858692522559848
139,/mnt/Enterprise/miccai_2023_CRIS/CRIS.pytorch/exp/sessile_polyp/CRIS_R50/predictions_renamed/48.png,0.9748438000679016,0.9858692522559848
140,/mnt/Enterprise/miccai_2023_CRIS/CRIS.pytorch/exp/sessile_polyp/CRIS_R50/predictions_renamed/49.png,0.9928392767906189,0.9858692522559848
141,/mnt/Enterprise/miccai_2023_CRIS/CRIS.pytorch/exp/sessile_polyp/CRIS_R50/predictions_renamed/5.png,0.9927111864089966,0.9858692522559848
142,/mnt/Enterprise/miccai_2023_CRIS/CRIS.pytorch/exp/sessile_polyp/CRIS_R50/predictions_renamed/50.png,0.9974460005760193,0.9858692522559848
143,/mnt/Enterprise/miccai_2023_CRIS/CRIS.pytorch/exp/sessile_polyp/CRIS_R50/predictions_renamed/51.png,0.9961037039756775,0.9858692522559848
144,/mnt/Enterprise/miccai_2023_CRIS/CRIS.pytorch/exp/sessile_polyp/CRIS_R50/predictions_renamed/52.png,0.9955294728279114,0.9858692522559848
145,/mnt/Enterprise/miccai_2023_CRIS/CRIS.pytorch/exp/sessile_polyp/CRIS_R50/predictions_renamed/53.png,0.9827895164489746,0.9858692522559848
146,/mnt/Enterprise/miccai_2023_CRIS/CRIS.pytorch/exp/sessile_polyp/CRIS_R50/predictions_renamed/54.png,0.9958129525184631,0.9858692522559848
147,/mnt/Enterprise/miccai_2023_CRIS/CRIS.pytorch/exp/sessile_polyp/CRIS_R50/predictions_renamed/55.png,0.9819720387458801,0.9858692522559848
148,/mnt/Enterprise/miccai_2023_CRIS/CRIS.pytorch/exp/sessile_polyp/CRIS_R50/predictions_renamed/56.png,0.9941238760948181,0.9858692522559848
149,/mnt/Enterprise/miccai_2023_CRIS/CRIS.pytorch/exp/sessile_polyp/CRIS_R50/predictions_renamed/57.png,0.995265007019043,0.9858692522559848
150,/mnt/Enterprise/miccai_2023_CRIS/CRIS.pytorch/exp/sessile_polyp/CRIS_R50/predictions_renamed/58.png,0.8138412833213806,0.9858692522559848
151,/mnt/Enterprise/miccai_2023_CRIS/CRIS.pytorch/exp/sessile_polyp/CRIS_R50/predictions_renamed/59.png,0.9857786893844604,0.9858692522559848
152,/mnt/Enterprise/miccai_2023_CRIS/CRIS.pytorch/exp/sessile_polyp/CRIS_R50/predictions_renamed/6.png,0.9867454171180725,0.9858692522559848
153,/mnt/Enterprise/miccai_2023_CRIS/CRIS.pytorch/exp/sessile_polyp/CRIS_R50/predictions_renamed/60.png,0.9930641055107117,0.9858692522559848
154,/mnt/Enterprise/miccai_2023_CRIS/CRIS.pytorch/exp/sessile_polyp/CRIS_R50/predictions_renamed/61.png,0.9949606657028198,0.9858692522559848
155,/mnt/Enterprise/miccai_2023_CRIS/CRIS.pytorch/exp/sessile_polyp/CRIS_R50/predictions_renamed/62.png,0.9949824810028076,0.9858692522559848
156,/mnt/Enterprise/miccai_2023_CRIS/CRIS.pytorch/exp/sessile_polyp/CRIS_R50/predictions_renamed/63.png,0.9945581555366516,0.9858692522559848
157,/mnt/Enterprise/miccai_2023_CRIS/CRIS.pytorch/exp/sessile_polyp/CRIS_R50/predictions_renamed/64.png,0.9944367408752441,0.9858692522559848
158,/mnt/Enterprise/miccai_2023_CRIS/CRIS.pytorch/exp/sessile_polyp/CRIS_R50/predictions_renamed/65.png,0.99205082654953,0.9858692522559848
159,/mnt/Enterprise/miccai_2023_CRIS/CRIS.pytorch/exp/sessile_polyp/CRIS_R50/predictions_renamed/66.png,0.9957005977630615,0.9858692522559848
160,/mnt/Enterprise/miccai_2023_CRIS/CRIS.pytorch/exp/sessile_polyp/CRIS_R50/predictions_renamed/67.png,0.9910393953323364,0.9858692522559848
161,/mnt/Enterprise/miccai_2023_CRIS/CRIS.pytorch/exp/sessile_polyp/CRIS_R50/predictions_renamed/68.png,0.9957138299942017,0.9858692522559848
162,/mnt/Enterprise/miccai_2023_CRIS/CRIS.pytorch/exp/sessile_polyp/CRIS_R50/predictions_renamed/69.png,0.9932124018669128,0.9858692522559848
163,/mnt/Enterprise/miccai_2023_CRIS/CRIS.pytorch/exp/sessile_polyp/CRIS_R50/predictions_renamed/7.png,0.9949945211410522,0.9858692522559848
164,/mnt/Enterprise/miccai_2023_CRIS/CRIS.pytorch/exp/sessile_polyp/CRIS_R50/predictions_renamed/70.png,0.9943065643310547,0.9858692522559848
165,/mnt/Enterprise/miccai_2023_CRIS/CRIS.pytorch/exp/sessile_polyp/CRIS_R50/predictions_renamed/71.png,0.9885191917419434,0.9858692522559848
166,/mnt/Enterprise/miccai_2023_CRIS/CRIS.pytorch/exp/sessile_polyp/CRIS_R50/predictions_renamed/72.png,0.9863865971565247,0.9858692522559848
167,/mnt/Enterprise/miccai_2023_CRIS/CRIS.pytorch/exp/sessile_polyp/CRIS_R50/predictions_renamed/73.png,0.9976935386657715,0.9858692522559848
168,/mnt/Enterprise/miccai_2023_CRIS/CRIS.pytorch/exp/sessile_polyp/CRIS_R50/predictions_renamed/74.png,0.9963330626487732,0.9858692522559848
169,/mnt/Enterprise/miccai_2023_CRIS/CRIS.pytorch/exp/sessile_polyp/CRIS_R50/predictions_renamed/75.png,0.9938272833824158,0.9858692522559848
170,/mnt/Enterprise/miccai_2023_CRIS/CRIS.pytorch/exp/sessile_polyp/CRIS_R50/predictions_renamed/76.png,0.9386083483695984,0.9858692522559848
171,/mnt/Enterprise/miccai_2023_CRIS/CRIS.pytorch/exp/sessile_polyp/CRIS_R50/predictions_renamed/77.png,0.9949601292610168,0.9858692522559848
172,/mnt/Enterprise/miccai_2023_CRIS/CRIS.pytorch/exp/sessile_polyp/CRIS_R50/predictions_renamed/78.png,0.9886822700500488,0.9858692522559848
173,/mnt/Enterprise/miccai_2023_CRIS/CRIS.pytorch/exp/sessile_polyp/CRIS_R50/predictions_renamed/79.png,0.9973220825195312,0.9858692522559848
174,/mnt/Enterprise/miccai_2023_CRIS/CRIS.pytorch/exp/sessile_polyp/CRIS_R50/predictions_renamed/8.png,0.992445707321167,0.9858692522559848
175,/mnt/Enterprise/miccai_2023_CRIS/CRIS.pytorch/exp/sessile_polyp/CRIS_R50/predictions_renamed/80.png,0.9964569211006165,0.9858692522559848
176,/mnt/Enterprise/miccai_2023_CRIS/CRIS.pytorch/exp/sessile_polyp/CRIS_R50/predictions_renamed/81.png,0.9961308240890503,0.9858692522559848
177,/mnt/Enterprise/miccai_2023_CRIS/CRIS.pytorch/exp/sessile_polyp/CRIS_R50/predictions_renamed/82.png,0.9833877682685852,0.9858692522559848
178,/mnt/Enterprise/miccai_2023_CRIS/CRIS.pytorch/exp/sessile_polyp/CRIS_R50/predictions_renamed/83.png,0.9970824718475342,0.9858692522559848
179,/mnt/Enterprise/miccai_2023_CRIS/CRIS.pytorch/exp/sessile_polyp/CRIS_R50/predictions_renamed/84.png,0.9967027306556702,0.9858692522559848
180,/mnt/Enterprise/miccai_2023_CRIS/CRIS.pytorch/exp/sessile_polyp/CRIS_R50/predictions_renamed/85.png,0.9956749081611633,0.9858692522559848
181,/mnt/Enterprise/miccai_2023_CRIS/CRIS.pytorch/exp/sessile_polyp/CRIS_R50/predictions_renamed/86.png,0.9926434755325317,0.9858692522559848
182,/mnt/Enterprise/miccai_2023_CRIS/CRIS.pytorch/exp/sessile_polyp/CRIS_R50/predictions_renamed/87.png,0.982792317867279,0.9858692522559848
183,/mnt/Enterprise/miccai_2023_CRIS/CRIS.pytorch/exp/sessile_polyp/CRIS_R50/predictions_renamed/88.png,0.9873077869415283,0.9858692522559848
184,/mnt/Enterprise/miccai_2023_CRIS/CRIS.pytorch/exp/sessile_polyp/CRIS_R50/predictions_renamed/89.png,0.9954020977020264,0.9858692522559848
185,/mnt/Enterprise/miccai_2023_CRIS/CRIS.pytorch/exp/sessile_polyp/CRIS_R50/predictions_renamed/9.png,0.9934716820716858,0.9858692522559848
186,/mnt/Enterprise/miccai_2023_CRIS/CRIS.pytorch/exp/sessile_polyp/CRIS_R50/predictions_renamed/90.png,0.8774980306625366,0.9858692522559848
187,/mnt/Enterprise/miccai_2023_CRIS/CRIS.pytorch/exp/sessile_polyp/CRIS_R50/predictions_renamed/91.png,0.9957016110420227,0.9858692522559848
188,/mnt/Enterprise/miccai_2023_CRIS/CRIS.pytorch/exp/sessile_polyp/CRIS_R50/predictions_renamed/92.png,0.9541484713554382,0.9858692522559848
189,/mnt/Enterprise/miccai_2023_CRIS/CRIS.pytorch/exp/sessile_polyp/CRIS_R50/predictions_renamed/93.png,0.9961012601852417,0.9858692522559848
190,/mnt/Enterprise/miccai_2023_CRIS/CRIS.pytorch/exp/sessile_polyp/CRIS_R50/predictions_renamed/94.png,0.9951373338699341,0.9858692522559848
191,/mnt/Enterprise/miccai_2023_CRIS/CRIS.pytorch/exp/sessile_polyp/CRIS_R50/predictions_renamed/95.png,0.9562591314315796,0.9858692522559848
192,/mnt/Enterprise/miccai_2023_CRIS/CRIS.pytorch/exp/sessile_polyp/CRIS_R50/predictions_renamed/96.png,0.9963662624359131,0.9858692522559848
193,/mnt/Enterprise/miccai_2023_CRIS/CRIS.pytorch/exp/sessile_polyp/CRIS_R50/predictions_renamed/97.png,0.9847545623779297,0.9858692522559848
194,/mnt/Enterprise/miccai_2023_CRIS/CRIS.pytorch/exp/sessile_polyp/CRIS_R50/predictions_renamed/98.png,0.9823017716407776,0.9858692522559848
195,/mnt/Enterprise/miccai_2023_CRIS/CRIS.pytorch/exp/sessile_polyp/CRIS_R50/predictions_renamed/99.png,0.9675117135047913,0.9858692522559848
